{
  "texture_size": [
    64,
    64
  ],
  "elements": [
    {
      "name": "handle",
      "from": [
        -10.65,
        1.01181,
        -0.65542
      ],
      "to": [
        10.425,
        1.11181,
        15.71958
      ],
      "rotation": {
        "angle": 22.5,
        "axis": "z",
        "origin": [
          -9.05,
          1.1,
          -1
        ]
      },
      "faces": {
        "north": {
          "uv": [
            16,
            13.125,
            15.25,
            15.625
          ],
          "rotation": 90,
          "texture": "#2"
        },
        "east": {
          "uv": [
            16,
            13.5,
            15.5,
            16
          ],
          "rotation": 270,
          "texture": "#2"
        },
        "south": {
          "uv": [
            14.75,
            16,
            16,
            13.875
          ],
          "rotation": 90,
          "texture": "#2"
        },
        "west": {
          "uv": [
            15.25,
            12,
            16,
            16
          ],
          "rotation": 90,
          "texture": "#2"
        },
        "up": {
          "uv": [
            14.125,
            0,
            0,
            15.125
          ],
          "rotation": 180,
          "texture": "#2"
        },
        "down": {
          "uv": [
            0,
            0,
            14.125,
            15.25
          ],
          "texture": "#2"
        }
      }
    },
    {
      "name": "handle",
      "from": [
        -8.65,
        -0.26319,
        14.79458
      ],
      "to": [
        4.925,
        0.33681,
        19.96958
      ],
      "rotation": {
        "angle": 22.5,
        "axis": "z",
        "origin": [
          -9.05,
          -0.175,
          19.45
        ]
      },
      "faces": {
        "north": {
          "uv": [
            16,
            13.125,
            15.25,
            15.625
          ],
          "rotation": 90,
          "texture": "#2"
        },
        "east": {
          "uv": [
            16,
            13.5,
            15.5,
            16
          ],
          "rotation": 270,
          "texture": "#2"
        },
        "south": {
          "uv": [
            14.75,
            16,
            16,
            13.875
          ],
          "rotation": 90,
          "texture": "#2"
        },
        "west": {
          "uv": [
            15.25,
            12,
            16,
            16
          ],
          "rotation": 90,
          "texture": "#2"
        },
        "up": {
          "uv": [
            16,
            0,
            13.5,
            13
          ],
          "rotation": 90,
          "texture": "#2"
        },
        "down": {
          "uv": [
            13.5,
            0,
            16,
            13
          ],
          "rotation": 90,
          "texture": "#2"
        }
      }
    },
    {
      "name": "handle",
      "from": [
        -8.65,
        -0.26319,
        -2.20542
      ],
      "to": [
        4.925,
        0.33681,
        2.96958
      ],
      "rotation": {
        "angle": 22.5,
        "axis": "z",
        "origin": [
          -9.05,
          -0.175,
          2.45
        ]
      },
      "faces": {
        "north": {
          "uv": [
            16,
            13.125,
            15.25,
            15.625
          ],
          "rotation": 90,
          "texture": "#2"
        },
        "east": {
          "uv": [
            16,
            13.5,
            15.5,
            16
          ],
          "rotation": 270,
          "texture": "#2"
        },
        "south": {
          "uv": [
            14.75,
            16,
            16,
            13.875
          ],
          "rotation": 90,
          "texture": "#2"
        },
        "west": {
          "uv": [
            15.25,
            12,
            16,
            16
          ],
          "rotation": 90,
          "texture": "#2"
        },
        "up": {
          "uv": [
            13.5,
            0,
            16,
            13
          ],
          "rotation": 90,
          "texture": "#2"
        },
        "down": {
          "uv": [
            16,
            0,
            13.5,
            13
          ],
          "rotation": 90,
          "texture": "#2"
        }
      }
    },
    {
      "name": "handle",
      "from": [
        12.125,
        -0.26319,
        14.53042
      ],
      "to": [
        25.7,
        0.33681,
        19.70542
      ],
      "rotation": {
        "angle": -22.5,
        "axis": "z",
        "origin": [
          26.1,
          -0.175,
          15.05
        ]
      },
      "faces": {
        "north": {
          "uv": [
            14.75,
            16,
            16,
            13.875
          ],
          "rotation": 90,
          "texture": "#2"
        },
        "east": {
          "uv": [
            15.25,
            12,
            16,
            16
          ],
          "rotation": 90,
          "texture": "#2"
        },
        "south": {
          "uv": [
            16,
            13.125,
            15.25,
            15.625
          ],
          "rotation": 90,
          "texture": "#2"
        },
        "west": {
          "uv": [
            16,
            13.5,
            15.5,
            16
          ],
          "rotation": 270,
          "texture": "#2"
        },
        "up": {
          "uv": [
            13.5,
            0,
            16,
            13
          ],
          "rotation": 270,
          "texture": "#2"
        },
        "down": {
          "uv": [
            13.5,
            13,
            16,
            0
          ],
          "rotation": 90,
          "texture": "#2"
        }
      }
    },
    {
      "name": "handle",
      "from": [
        12.125,
        -0.26319,
        -2.46958
      ],
      "to": [
        25.7,
        0.33681,
        2.70542
      ],
      "rotation": {
        "angle": -22.5,
        "axis": "z",
        "origin": [
          26.1,
          -0.175,
          -1.95
        ]
      },
      "faces": {
        "north": {
          "uv": [
            14.75,
            16,
            16,
            13.875
          ],
          "rotation": 90,
          "texture": "#2"
        },
        "east": {
          "uv": [
            15.25,
            12,
            16,
            16
          ],
          "rotation": 90,
          "texture": "#2"
        },
        "south": {
          "uv": [
            16,
            13.125,
            15.25,
            15.625
          ],
          "rotation": 90,
          "texture": "#2"
        },
        "west": {
          "uv": [
            16,
            13.5,
            15.5,
            16
          ],
          "rotation": 270,
          "texture": "#2"
        },
        "up": {
          "uv": [
            16,
            0,
            13.5,
            13
          ],
          "rotation": 270,
          "texture": "#2"
        },
        "down": {
          "uv": [
            16,
            13,
            13.5,
            0
          ],
          "rotation": 90,
          "texture": "#2"
        }
      }
    },
    {
      "name": "handle",
      "from": [
        5.975,
        0.78681,
        -0.44458
      ],
      "to": [
        27.05,
        0.93681,
        15.85542
      ],
      "rotation": {
        "angle": -22.5,
        "axis": "z",
        "origin": [
          25.45,
          0.9,
          16.2
        ]
      },
      "faces": {
        "north": {
          "uv": [
            14.875,
            12.75,
            16,
            16
          ],
          "rotation": 270,
          "texture": "#2"
        },
        "east": {
          "uv": [
            15,
            11.25,
            16,
            16
          ],
          "rotation": 90,
          "texture": "#2"
        },