{
	"format_version": "1.8.0",
	"animations": {
		"holdingMatch": {
			"loop": true,
			"bones": {
				"RightArm": {
					"rotation": [-72.38565, -9.91358, -1.31845]
				}
			}
		},
		"burntMatch": {
			"animation_length": 1.4167,
			"bones": {
				"RightArm": {
					"rotation": {
						"0.0": [-72.39, -9.91, -1.32],
						"0.125": [-104.06208, 27.24908, 3.8828],
						"0.5417": [-53.60782, -18.05776, -8.74472],
						"0.6667": [-54.9791, -2.26564, -1.0571],
						"0.7917": [-67.30897, -9.58535, -2.70161],
						"0.9167": [-62.47578, 2.61556, 0.0267],
						"1.0417": [-53.60782, -18.05776, -8.74472],
						"1.1667": [-54.9791, -2.26564, -1.0571],
						"1.2917": [-67.30897, -9.58535, -2.70161],
						"1.4167": [-62.47578, 2.61556, 0.0267]
					}
				}
			}
		}
	}
}