{
	"format_version": "1.8.0",
	"animations": {
		"animation.repair_tool.idle": {
			"loop": true,
			"bones": {
				"flame_illuminated": {
					"scale": 0
				}
			}
		},
		"animation.repair_tool.fire": {
			"loop": true,
			"animation_length": 1,
			"bones": {
				"0": {
					"rotation": {
						"0.0": [0, 0, 15],
						"0.1417": [0, -0.5, 15],
						"0.3": [-1.25022, -1.15759, 15.01636],
						"0.425": [-0.02679, -0.33495, 15],
						"0.5833": [-0.01941, 1.00728, 14.99958],
						"0.7417": [1.23823, 1.12421, 15.01709],
						"0.8583": [-1.25022, -1.15759, 15.01636],
						"1.0": [0, 0, 15]
					},
					"position": {
						"0.0": [1, 0, -2],
						"0.0917": [0.86, -0.065, -1.9],
						"0.1417": [1, 0, -1.85],
						"0.225": [0.895, 0.06, -1.85],
						"0.3167": [1, 0, -1.955],
						"0.3583": [1, 0, -1.955],
						"0.5167": [1.1, -0.135, -1.85],
						"0.6083": [1, 0, -1.955],
						"0.6917": [1, 0, -1.955],
						"0.7833": [0.865, 0, -1.85],
						"0.8667": [1, -0.13, -1.955],
						"1.0": [1, 0, -2]
					}
				},
				"flame_1_illuminated": {
					"rotation": {
						"0.0": [0, 0, 0],
						"0.0667": [1.5, 0, -14],
						"0.1417": [0, 0, 0.17],
						"0.175": [0, 0, -14],
						"0.25": [0, 0, 0.17],
						"0.275": [0, 0, -14],
						"0.325": [-1.5, 0, -14],
						"0.35": [0, 0, 0.17],
						"0.4": [0, 0, 0.17],
						"0.45": [0, 0, -14],
						"0.4833": [0, 0, -14],
						"0.5667": [0, 0, 0.17],
						"0.6": [1, 0, 0.17],
						"0.65": [0, 0, -14],
						"0.725": [0, 0, 0.17],
						"0.7667": [0, 0, -14],
						"0.8417": [-0.75, 0, 0.17],
						"0.8833": [0, 0, -14],
						"0.9583": [0, 0, 0.17],
						"1.0": [0, 0, 0]
					},
					"scale": {
						"0.0": {
							"post": [1.015, 1.015, 1.015],
							"lerp_mode": "catmullrom"
						},
						"0.1167": {
							"post": [0.895, 1, 0.98],
							"lerp_mode": "catmullrom"
						},
						"0.1917": {
							"post": [1.015, 1, 0.9791],
							"lerp_mode": "catmullrom"
						},
						"0.2833": {
							"post": [1.0118, 1, 1.0502],
							"lerp_mode": "catmullrom"
						},
						"0.3917": {
							"post": [0.9369, 1, 1.0244],
							"lerp_mode": "catmullrom"
						},
						"0.4583": {
							"post": [1.0195, 1, 0.9432],
							"lerp_mode": "catmullrom"
						},
						"0.625": {
							"post": [1.0987, 1, 1.0273],
							"lerp_mode": "catmullrom"
						},
						"0.7917": {
							"post": [0.969, 1, 1.0575],
							"lerp_mode": "catmullrom"
						},
						"0.8583": {
							"post": [0.8878, 1, 0.9494],
							"lerp_mode": "catmullrom"
						},
						"1.0": {
							"post": [1.015, 1.015, 1.015],
							"lerp_mode": "catmullrom"
						}
					}
				},
				"flame_2_illuminated": {
					"rotation": {
						"0.0": [0, 0, 0],
						"0.0667": [1.5, 0, -14],
						"0.1417": [0, 0, 0.17],
						"0.175": [0, 0, -14],
						"0.25": [0, 0, 0.17],
						"0.275": [0, 0, -14],
						"0.325": [-1.5, 0, -14],
						"0.35": [0, 0, 0.17],
						"0.4": [0, 0, 0.17],
						"0.45": [0, 0, -14],
						"0.4833": [0, 0, -14],
						"0.5667": [0, 0, 0.17],
						"0.6": [1, 0, 0.17],
						"0.65": [0, 0, -14],
						"0.725": [0, 0, 0.17],
						"0.7667": [0, 0, -14],
						"0.8417": [-0.75, 0, 0.17],
						"0.8833": [0, 0, -14],
						"0.9583": [0, 0, 0.17],
						"1.0": [0, 0, 0]
					},
					"scale": {
						"0.0": {
							"post": [1.015, 1.015, 1.015],
							"lerp_mode": "catmullrom"
						},
						"0.1167": {
							"post": [0.895, 1, 0.98],
							"lerp_mode": "catmullrom"
						},
						"0.1917": {
							"post": [1.015, 1, 0.9791],
							"lerp_mode": "catmullrom"
						},
						"0.2833": {
							"post": [1.0118, 1, 1.0502],
							"lerp_mode": "catmullrom"
						},
						"0.3917": {
							"post": [0.9369, 1, 1.0244],
							"lerp_mode": "catmullrom"
						},
						"0.4583": {
							"post": [1.0195, 1, 0.9432],
							"lerp_mode": "catmullrom"
						},
						"0.625": {
							"post": [1.0987, 1, 1.0273],
							"lerp_mode": "catmullrom"
						},
						"0.7917": {
							"post": [0.969, 1, 1.0575],
							"lerp_mode": "catmullrom"
						},
						"0.8583": {
							"post": [0.8878, 1, 0.9494],
							"lerp_mode": "catmullrom"
						},
						"1.0": {
							"post": [1.015, 1.015, 1.015],
							"lerp_mode": "catmullrom"
						}
					}
				},
				"flame_3_illuminated": {
					"rotation": {
						"0.0": [0, 0, 0],
						"0.0667": [1.5, 0, -14],
						"0.1417": [0, 0, 0.17],
						"0.175": [0, 0, -14],
						"0.25": [0, 0, 0.17],
						"0.275": [0, 0, -14],
						"0.325": [-1.5, 0, -14],
						"0.35": [0, 0, 0.17],
						"0.4": [0, 0, 0.17],
						"0.45": [0, 0, -14],
						"0.4833": [0, 0, -14],
						"0.5667": [0, 0, 0.17],
						"0.6": [1, 0, 0.17],
						"0.65": [0, 0, -14],
						"0.725": [0, 0, 0.17],
						"0.7667": [0, 0, -14],
						"0.8417": [-0.75, 0, 0.17],
						"0.8833": [0, 0, -14],
						"0.9583": [0, 0, 0.17],
						"1.0": [0, 0, 0]
					},
					"scale": {
						"0.0": {
							"post": [1.015, 1.015, 1.015],
							"lerp_mode": "catmullrom"
						},
						"0.1167": {
							"post": [0.895, 1, 0.98],
							"lerp_mode": "catmullrom"
						},
						"0.1917": {
							"post": [1.015, 1, 0.9791],
							"lerp_mode": "catmullrom"
						},
						"0.2833": {
							"post": [1.0118, 1, 1.0502],
							"lerp_mode": "catmullrom"
						},
						"0.3917": {
							"post": [0.9369, 1, 1.0244],
							"lerp_mode": "catmullrom"
						},
						"0.4583": {
							"post": [1.0195, 1, 0.9432],
							"lerp_mode": "catmullrom"
						},
						"0.625": {
							"post": [1.0987, 1, 1.0273],
							"lerp_mode": "catmullrom"
						},
						"0.7917": {
							"post": [0.969, 1, 1.0575],
							"lerp_mode": "catmullrom"
						},
						"0.8583": {
							"post": [0.8878, 1, 0.9494],
							"lerp_mode": "catmullrom"
						},
						"1.0": {
							"post": [1.015, 1.015, 1.015],
							"lerp_mode": "catmullrom"
						}
					}
				},
				"flame_4_illuminated": {
					"rotation": {
						"0.0": [0, 0, 0],
						"0.0667": [1.5, 0, -14],
						"0.1417": [0, 0, 0.17],
						"0.175": [0, 0, -14],
						"0.25": [0, 0, 0.17],
						"0.275": [0, 0, -14],
						"0.325": [-1.5, 0, -14],
						"0.35": [0, 0, 0.17],
						"0.4": [0, 0, 0.17],
						"0.45": [0, 0, -14],
						"0.4833": [0, 0, -14],
						"0.5667": [0, 0, 0.17],
						"0.6": [1, 0, 0.17],
						"0.65": [0, 0, -14],
						"0.725": [0, 0, 0.17],
						"0.7667": [0, 0, -14],
						"0.8417": [-0.75, 0, 0.17],
						"0.8833": [0, 0, -14],
						"0.9583": [0, 0, 0.17],
						"1.0": [0, 0, 0]
					},
					"scale": {
						"0.0": {
							"post": [1.015, 1.015, 1.015],
							"lerp_mode": "catmullrom"
						},
						"0.1167": {
							"post": [0.895, 1, 0.98],
							"lerp_mode": "catmullrom"
						},
						"0.1917": {
							"post": [1.015, 1, 0.9791],
							"lerp_mode": "catmullrom"
						},
						"0.2833": {
							"post": [1.0118, 1, 1.0502],
							"lerp_mode": "catmullrom"
						},
						"0.3917": {
							"post": [0.9369, 1, 1.0244],
							"lerp_mode": "catmullrom"
						},
						"0.4583": {
							"post": [1.0195, 1, 0.9432],
							"lerp_mode": "catmullrom"
						},
						"0.625": {
							"post": [1.0987, 1, 1.0273],
							"lerp_mode": "catmullrom"
						},
						"0.7917": {
							"post": [0.969, 1, 1.0575],
							"lerp_mode": "catmullrom"
						},
						"0.8583": {
							"post": [0.8878, 1, 0.9494],
							"lerp_mode": "catmullrom"
						},
						"1.0": {
							"post": [1.015, 1.015, 1.015],
							"lerp_mode": "catmullrom"
						}
					}
				},
				"flame_5_illuminated": {
					"rotation": {
						"0.0": [0, 0, 0],
						"0.0667": [1.5, 0, -14],
						"0.1417": [0, 0, 0.17],
						"0.175": [0, 0, -14],
						"0.25": [0, 0, 0.17],
						"0.275": [0, 0, -14],
						"0.325": [-1.5, 0, -14],
						"0.35": [0, 0, 0.17],
						"0.4": [0, 0, 0.17],
						"0.45": [0, 0, -14],
						"0.4833": [0, 0, -14],
						"0.5667": [0, 0, 0.17],
						"0.6": [1, 0, 0.17],
						"0.65": [0, 0, -14],
						"0.725": [0, 0, 0.17],
						"0.7667": [0, 0, -14],
						"0.8417": [-0.75, 0, 0.17],