{
	"format_version": "1.8.0",
	"animations": {
		"animation.rpg.idle": {
			"loop": true,
			"animation_length": 1,
			"bones": {
				"Rockets": {
					"rotation": [0, 0, 0],
					"position": [0, 0, 0],
					"scale": "query.sbw_is_empty ? 0 : 1"
				}
			}
		},
		"animation.rpg.edit": {
			"loop": "hold_on_last_frame",
			"animation_length": 0.4083,
			"bones": {
				"0": {
					"rotation": {
						"0.0": {
							"post": [0, 0, 0],
							"lerp_mode": "catmullrom"
						},
						"0.0667": {
							"post": [-5.32397, -12.94699, -1.83212],
							"lerp_mode": "catmullrom"
						},
						"0.15": {
							"post": [-13.02391, -49.2931, -1.64134],
							"lerp_mode": "catmullrom"
						},
						"0.3": {
							"post": [-19.51, -63.22, 9.58],
							"lerp_mode": "catmullrom"
						},
						"0.3583": {
							"post": [-25.66336, -65.46598, 12.13389],
							"lerp_mode": "catmullrom"
						},
						"0.4083": {
							"post": [-27.08786, -66.51935, 13.96316],
							"lerp_mode": "catmullrom"
						}
					},
					"position": {
						"0.0": {
							"post": [0, 0, 0],
							"lerp_mode": "catmullrom"
						},
						"0.0583": {
							"post": [0.47297, -0.17189, -0.26375],
							"lerp_mode": "catmullrom"
						},
						"0.1167": {
							"post": [-1.62868, 0.04111, -0.71705],
							"lerp_mode": "catmullrom"
						},
						"0.3": {
							"post": [-0.80998, 1.33958, -3.12823],
							"lerp_mode": "catmullrom"
						},
						"0.3583": {
							"post": [-3.42622, 1.09346, -3.14756],
							"lerp_mode": "catmullrom"
						},
						"0.4083": {
							"post": [-2.85, 1.2, -3.14],
							"lerp_mode": "catmullrom"
						}
					}
				},
				"Righthand": {
					"rotation": [72.69469, -60.09451, -36.63152],
					"position": [19, -18.6, 14.8],
					"scale": 0
				},
				"Lefthand": {
					"rotation": [-51.42913, -7.99833, 65.60001],
					"position": [21.85, -19.65, 7],
					"scale": 0
				}
			}
		},
		"animation.rpg.run": {
			"loop": true,
			"animation_length": 0.8,
			"bones": {
				"0": {
					"rotation": {
						"0.0": [14.01931, 1.43241, 2.77989],
						"0.2": [9.37348, 2.99239, 8.65204],
						"0.4": [14.01931, 1.43241, 2.77989],
						"0.6": [14.03728, 0.24759, -2.78126],
						"0.8": [14.01931, 1.43241, 2.77989]
					},
					"position": {
						"0.0": [0, -2, 0],
						"0.2": [-1, -1, 0],
						"0.4": [-2, -2, 0],
						"0.6": [-1, -1, 0],
						"0.8": [0, -2, 0]
					}
				},
				"Rockets": {
					"rotation": [0, 0, 0],
					"position": [0, 0, 0],
					"scale": "query.sbw_is_empty ? 0 : 1"
				}
			}
		},
		"animation.rpg.run_fast": {
			"loop": true,
			"animation_length": 0.7,
			"bones": {
				"0": {
					"rotation": {
						"0.0": [-13.3263, 7.54702, 1.59969],
						"0.175": [-27.62174, 12.50143, 4.04527],
						"0.35": [-13.035, 17.54299, 1.66321],
						"0.525": [-23.67296, 3.37897, -3.44474],
						"0.7": [-13.3263, 7.54702, 1.59969]
					},
					"position": {
						"0.0": [-1, 2, 1],
						"0.175": [-2, 3, 1],
						"0.35": [-3, 2, 1],
						"0.525": [-2, 3, 1],
						"0.7": [-1, 2, 1]
					}
				},
				"Rockets": {
					"rotation": [0, 0, 0],
					"position": [0, 0, 0],
					"scale": "query.sbw_is_empty ? 0 : 1"
				},
				"Lefthand": {
					"rotation": [-26.58235, 45.45121, -16.52546],
					"position": [16, -11, 14]
				}
			}
		},
		"animation.rpg.fire": {
			"animation_length": 0.1,
			"bones": {
				"Rockets": {
					"scale": "query.sbw_is_empty ? 0 : 1"
				}
			}
		},
		"animation.rpg.reload": {
			"loop": "hold_on_last_frame",
			"animation_length": 5.2,
			"bones": {
				"0": {
					"rotation": {
						"0.0": {
							"post": [0, 0, 0],
							"lerp_mode": "catmullrom"
						},
						"0.1": {
							"post": [0, 0, 0],
							"lerp_mode": "catmullrom"
						},
						"0.4": {
							"post": [0.94281, -10.18261, 4.05871],
							"lerp_mode": "catmullrom"
						},
						"0.7": {
							"post": [-3.13, -14.9, 10.93],
							"lerp_mode": "catmullrom"
						},
						"1.0": {
							"post": [-20.26395, -32.16364, 8.98012],
							"lerp_mode": "catmullrom"
						},
						"1.4": {
							"post": [-42.72268, -49.19257, 18.08368],
							"lerp_mode": "catmullrom"
						},
						"1.8": {
							"post": [-42.72268, -49.19257, 18.08368],
							"lerp_mode": "catmullrom"
						},
						"2.0": {
							"post": [-35.27808, -41.22256, 10.00956],
							"lerp_mode": "catmullrom"
						},
						"2.2": {
							"post": [-27.57712, -43.87315, 14.13146],
							"lerp_mode": "catmullrom"
						},
						"2.5": {
							"post": [-29.09962, -41.87197, 9.88766],
							"lerp_mode": "catmullrom"
						},
						"2.9": {
							"post": [-35.27808, -41.22256, 10.00956],
							"lerp_mode": "catmullrom"
						},
						"3.1": {
							"post": [-27.57712, -43.87315, 14.13146],
							"lerp_mode": "catmullrom"
						},
						"3.4": {
							"post": [-14.82501, -56.94619, 6.41633],
							"lerp_mode": "catmullrom"
						},
						"3.5": {
							"post": [-16.82794, -38.26735, 14.07344],
							"lerp_mode": "catmullrom"
						},
						"3.6": {
							"post": [-14.72268, -49.19257, 10.03368],
							"lerp_mode": "catmullrom"
						},
						"4.0": {
							"post": [25.6001, -5.50887, 2.34743],
							"lerp_mode": "catmullrom"
						},
						"4.2": {
							"post": [0, 0, -8],
							"lerp_mode": "catmullrom"
						},
						"4.3": {
							"post": [3, 0, 9.66],
							"lerp_mode": "catmullrom"
						},
						"4.4": {
							"post": [-1, 0, -0.07],
							"lerp_mode": "catmullrom"
						},
						"4.6": {
							"post": [0, 0, 2.39],
							"lerp_mode": "catmullrom"
						},
						"4.8": {
							"post": [0, 0, 0],
							"lerp_mode": "catmullrom"
						}
					},
					"position": {
						"0.0": {
							"post": [0, 0, 0],
							"lerp_mode": "catmullrom"
						},
						"0.1": {
							"post": [0, 0, 0],
							"lerp_mode": "catmullrom"
						},
						"0.4": {
							"post": [-0.5, -4.4, 0],
							"lerp_mode": "catmullrom"
						},
						"0.7": {
							"post": [-1.18, -5.53, 1.56],
							"lerp_mode": "catmullrom"
						},
						"1.1": {
							"post": [-2.58, -7.57, 1.69],
							"lerp_mode": "catmullrom"
						},
						"1.4": {
							"post": [-2.55, -7.95, 2.05],
							"lerp_mode": "catmullrom"
						},
						"1.8": {
							"post": [-2.55, -7.95, 2.05],
							"lerp_mode": "catmullrom"
						},
						"1.9": {
							"post": [-4.36, -8.09, 4.4],
							"lerp_mode": "catmullrom"
						},
						"2.0": {
							"post": [-4.46, -8.59, 4.59],
							"lerp_mode": "catmullrom"
						},
						"2.5": {
							"post": [-2.48387, -6.74209, 2.89871],
							"lerp_mode": "catmullrom"
						},
						"2.7": {
							"post": [-4.36, -8.09, 4.4],
							"lerp_mode": "catmullrom"
						},
						"2.9": {
							"post": [-4.46, -8.59, 4.59],
							"lerp_mode": "catmullrom"
						},
						"3.6": {
							"post": [-4.3, -4, 3.55],
							"lerp_mode": "catmullrom"
						},
						"3.8": {
							"post": [-4.27, -5.42, 3.55],
							"lerp_mode": "catmullrom"
						},
						"4.1": {
							"post": [-0.1, -1.05, 0.8],
							"lerp_mode": "catmullrom"
						},
						"4.3": {
							"post": [-0.09, 0.59, -0.8],
							"lerp_mode": "catmullrom"
						},
						"4.5": {
							"post": [-0.08, -0.49, 0.3],
							"lerp_mode": "catmullrom"
						},
						"4.7": {
							"post": [-0.04, 0.21, -0.15],
							"lerp_mode": "catmullrom"
						},
						"4.9": {
							"post": [0, 0, 0],
							"lerp_mode": "catmullrom"
						}
					}
				},
				"Lefthand": {
					"rotation": {
						"0.0": [0, 0, 0],
						"0.1": [0, 0, 0],
						"0.5": [151.55576, 60.35259, -81.67492],
						"0.8": [89.3512, 27.37732, -22.0788],
						"1.1": [30.22, -0.48, 39.19],
						"1.4": [16.43222, -9.28199, 21.19995],
						"1.6": [-55.32994, 23.79177, 81.90833],
						"2.0": [-30.0445, -0.7732, 62.70294],
						"2.4": [-30.0445, -0.7732, 62.70294],
						"2.8": [-30.0445, -0.7732, 62.70294],
						"2.9": [-30.0445, -0.7732, 62.70294],
						"3.1": [-47.04, -0.77, 62.7],
						"3.2": [-47.04, -0.77, 62.7],