{"parent":"item/handheld","display":{"firstperson_righthand":{"rotation":[-171.57,84.72,-163.34],"translation":[3.75,1.85,-7.199999999999999],"scale":[0.80890625,0.81671875,0.92609375]},"firstperson_lefthand":{"rotation":[-171.57,84.72,-163.34],"translation":[3.75,1.85,-7.199999999999999],"scale":[-0.80890625,0.81671875,-0.92609375]},"thirdperson_righthand":{"rotation":[-175.5,95,-143.65],"translation":[0.25,3.25,2.25],"scale":[0.9,0.9,0.9]},"thirdperson_lefthand":{"rotation":[-175.5,-85,-233.65],"translation":[0.25,3.25,2.25],"scale":[0.9,0.9,0.9]}}}