{"parent":"item/generated","display":{"thirdperson_righthand":{"rotation":[-175.5,-85,-143.65],"translation":[0.25,3.25,2.25],"scale":[0.9,0.9,0.9]},"thirdperson_lefthand":{"rotation":[-175.5,-85,-143.65],"translation":[0.25,3.25,2.25],"scale":[-0.9,0.9,-0.9]},"firstperson_lefthand":{"rotation":[-0.7,-84.83413195206856,24.1],"translation":[0.010008051608753364,3.587210542024745,1.88],"scale":[-0.61,0.61,-0.61]}}}