{
	"format_version": "1.8.0",
	"animations": {
		"animation.arthropleura.idle": {
			"animation_length": 0.9583,
			"bones": {
				"frontbody": {
					"rotation": {
						"0.0": {
							"vector": [0, 0, 0]
						},
						"0.4167": {
							"vector": [1, 0, 0]
						},
						"0.9583": {
							"vector": [0, 0, 0]
						}
					}
				},
				"sockets": {
					"rotation": {
						"0.0": {
							"vector": [0, 0, 0]
						},
						"0.4167": {
							"vector": [0, 0, 0]
						},
						"0.9583": {
							"vector": [0, 0, 0]
						}
					},
					"scale": {
						"vector": [1, 1.06, 1]
					}
				},
				"mainabdomen": {
					"scale": {
						"0.0": {
							"vector": [1, 0.87, 1]
						},
						"0.4167": {
							"vector": [1, 0.85, 1.02]
						},
						"0.9583": {
							"vector": [1, 0.87, 1]
						}
					}
				}
			}
		},
		"animation.arthropleura.scurrying": {
			"animation_length": 0.2222,
			"bones": {
				"arthropleura": {
					"rotation": {
						"vector": [4, 0, 0]
					},
					"position": {
						"vector": [0, 0.3, 0]
					},
					"scale": {
						"vector": [1, 1, 1]
					}
				},
				"r1": {
					"rotation": {
						"0.0": {
							"vector": [-12.69334, 0.17876, 0.5054]
						},
						"0.0648": {
							"vector": [40.1809, 6.26878, -14.30693]
						},
						"0.1204": {
							"vector": [37.15512, 5.97364, -3.0038]
						},
						"0.1667": {
							"vector": [9.51618, 2.92623, 6.78442]
						},
						"0.2222": {
							"vector": [-12.69334, 0.17876, 0.5054]
						}
					}
				},
				"frontbody": {
					"rotation": {
						"0.0": {
							"vector": [-7, 0, 0]
						},
						"0.0741": {
							"vector": [-5, 0, 0]
						},
						"0.1481": {
							"vector": [-10, 0, 0]
						},
						"0.2222": {
							"vector": [-7, 0, 0]
						}
					}
				},
				"mainabdomen": {
					"scale": {
						"0.0": {
							"vector": [1, 1, 1]
						},
						"0.2222": {
							"vector": [1, 1, 1]
						}
					}
				},
				"r2": {
					"rotation": {
						"0.0": {
							"vector": [9.51618, 2.92623, 6.78442]
						},
						"0.0185": {
							"vector": [-12.69334, 0.17876, 0.5054]
						},
						"0.0648": {
							"vector": [0.56992, -1.52816, -2.27288]
						},
						"0.1296": {
							"vector": [40.1809, 6.26878, -14.30693]
						},
						"0.1852": {
							"vector": [37.15512, 5.97364, -3.0038]
						},
						"0.2222": {
							"vector": [9.51618, 2.92623, 6.78442]
						}
					}
				},
				"r4": {
					"rotation": {
						"0.0": {
							"vector": [-13.40045, -3.58031, -5.74551]
						},
						"0.0648": {
							"vector": [21.97301, 5.84991, -9.32431]
						},
						"0.1204": {
							"vector": [37.15512, 5.97364, -3.0038]
						},
						"0.1667": {
							"vector": [9.51618, 2.92623, 6.78442]
						},
						"0.2222": {
							"vector": [-13.40045, -3.58031, -5.74551]
						}
					}
				},
				"r3": {
					"rotation": {
						"0.0": {
							"vector": [10.20619, 1.93553, -0.17944]
						},
						"0.0185": {
							"vector": [-12.69334, 0.17876, 0.5054]
						},
						"0.0648": {
							"vector": [6.20055, -2.86896, -7.16151]
						},
						"0.1296": {
							"vector": [40.1809, 6.26878, -14.30693]
						},
						"0.1852": {
							"vector": [33.93002, 6.22005, -3.7126]
						},
						"0.2222": {
							"vector": [10.20619, 1.93553, -0.17944]
						}
					}
				},
				"l2": {
					"rotation": {
						"0.0": {
							"vector": [40.1809, -6.26878, 14.30693]
						},
						"0.0278": {
							"vector": [38.67, -6.12, 8.66]
						},
						"0.0648": {
							"vector": [37.15512, -5.97364, 3.0038]
						},
						"0.0926": {
							"vector": [9.51618, -2.92623, -6.78442]
						},
						"0.1111": {
							"vector": [-12.69334, -0.17876, -0.5054]
						},
						"0.1574": {
							"vector": [0.56992, 1.52816, 2.27288]
						},
						"0.2222": {
							"vector": [40.1809, -6.26878, 14.30693]
						}
					}
				},
				"l1": {
					"rotation": {
						"0.0": {
							"vector": [37.15512, -5.97364, 3.0038]
						},
						"0.0463": {
							"vector": [9.51618, -2.92623, -6.78442]
						},
						"0.0926": {
							"vector": [-12.69334, -0.17876, -0.5054]
						},
						"0.1574": {
							"vector": [40.1809, -6.26878, 14.30693]
						},
						"0.2222": {
							"vector": [37.15512, -5.97364, 3.0038]
						}
					}
				},
				"l3": {
					"rotation": {
						"0.0": {
							"vector": [37.15512, -5.97364, 3.0038]
						},
						"0.0556": {
							"vector": [9.51618, -2.92623, -6.78442]
						},
						"0.1019": {
							"vector": [-13.40045, 3.58031, 5.74551]
						},
						"0.1667": {
							"vector": [21.97301, -5.84991, 9.32431]
						},
						"0.2222": {
							"vector": [37.15512, -5.97364, 3.0038]
						}
					}
				},
				"l4": {
					"rotation": {
						"0.0": {
							"vector": [23.19, -1.7, 10.73]
						},
						"0.037": {
							"vector": [40.1809, -6.26878, 14.30693]
						},
						"0.0833": {
							"vector": [33.93002, -6.22005, 3.7126]
						},
						"0.1204": {
							"vector": [10.20619, -1.93553, 0.17944]
						},
						"0.1389": {
							"vector": [-12.69334, -0.17876, -0.5054]
						},
						"0.1852": {
							"vector": [6.20055, 2.86896, 7.16151]
						},
						"0.2222": {
							"vector": [23.19, -1.7, 10.73]
						}
					}
				}
			}
		}
	},
	"geckolib_format_version": 2
}