{
	"format_version": "1.8.0",
	"animations": {
		"animation.flamethrower.fire": {
			"animation_length": 0.0625,
			"bones": {
				"flamethrower": {
					"position": {
						"0.0": {
							"vector": [0, 0, 0]
						},
						"0.0208": {
							"vector": [0, 0, 0.9]
						},
						"0.0625": {
							"vector": [0, 0, 0]
						}
					}
				},
				"armtoreplace": {
					"rotation": {
						"0.0": {
							"vector": [457.38498, 24.85373, -2.79053]
						},
						"0.0208": {
							"vector": [463.63498, 24.85373, -2.79053]
						},
						"0.0625": {
							"vector": [457.38498, 24.85373, -2.79053]
						}
					},
					"position": {
						"0.0": {
							"vector": [3.58712, -0.11303, 12.36285]
						},
						"0.0208": {
							"vector": [4.77103, 0.37654, 12.57992]
						},
						"0.0625": {
							"vector": [3.58712, -0.11303, 12.36285]
						}
					}
				}
			}
		},
		"animation.flamethrower.reload": {
			"animation_length": 2,
			"bones": {
				"flamethrower": {
					"rotation": {
						"0.0": {
							"vector": [0, 0, 0]
						},
						"0.4167": {
							"vector": [24.9212, 8.40623, 3.88612]
						},
						"0.7917": {
							"vector": [20.56904, 17.41087, 7.11576]
						},
						"0.9167": {
							"vector": [24.9212, 8.40623, 3.88612]
						},
						"1.0": {
							"vector": [20.56904, 17.41087, 7.11576]
						},
						"1.0833": {
							"vector": [24.9212, 8.40623, 3.88612]
						},
						"1.2917": {
							"vector": [19.36674, -10.22129, -2.84507]
						},
						"1.5833": {
							"vector": [20.56904, 17.41087, 7.11576]
						},
						"1.7083": {
							"vector": [24.9212, 8.40623, 3.88612]
						},
						"1.7917": {
							"vector": [20.56904, 17.41087, 7.11576]
						},
						"2.0": {
							"vector": [0, 0, 0]
						}
					},
					"position": {
						"0.0": {
							"vector": [0, 0, 0]
						},
						"0.4167": {
							"vector": [0.8, -0.275, 0.375]
						},
						"0.7917": {
							"vector": [0.63, -0.42, 0.29]
						},
						"0.9167": {
							"vector": [0.8, -0.275, 0.375]
						},
						"1.0": {
							"vector": [0.63, -0.42, 0.29]
						},
						"1.0833": {
							"vector": [0.8, -0.275, 0.375]
						},
						"1.2917": {
							"vector": [0.62, 0.24, 0.29]
						},
						"1.5833": {
							"vector": [0.63, -0.42, 0.29]
						},
						"1.7083": {
							"vector": [0.8, -0.275, 0.375]
						},
						"1.7917": {
							"vector": [0.63, -0.42, 0.29]
						},
						"2.0": {
							"vector": [0, 0, 0]
						}
					}
				},
				"armtoreplace": {
					"rotation": {
						"0.0": {
							"vector": [457.38498, 24.85373, -2.79053]
						},
						"0.375": {
							"vector": [488.6506, 24.85373, -2.79053]
						},
						"0.6667": {
							"vector": [463.63498, 24.85373, -2.79053]
						},
						"0.7083": {
							"vector": [488.6506, 24.85373, -2.79053]
						},
						"0.7917": {
							"vector": [463.63498, 24.85373, -2.79053]
						},
						"1.375": {
							"vector": [463.63498, 24.85373, -2.79053]
						},
						"1.4167": {
							"vector": [488.6506, 24.85373, -2.79053]
						},
						"1.5": {
							"vector": [463.63498, 24.85373, -2.79053]
						},
						"2.0": {
							"vector": [457.38498, 24.85373, -2.79053]
						}
					},
					"position": {
						"0.0": {
							"vector": [3.58712, -0.11303, 12.36285]
						},
						"0.375": {
							"vector": [4.7551, -0.70645, 11.03938]
						},
						"0.6667": {
							"vector": [4.77103, 0.37654, 12.57992]
						},
						"0.7083": {
							"vector": [4.7551, -0.70645, 11.03938]
						},
						"0.7917": {
							"vector": [4.77103, 0.37654, 12.57992]
						},
						"1.375": {
							"vector": [4.77103, 0.37654, 12.57992]
						},
						"1.4167": {
							"vector": [4.7551, -0.70645, 11.03938]
						},
						"1.5": {
							"vector": [4.77103, 0.37654, 12.57992]
						},
						"2.0": {
							"vector": [3.58712, -0.11303, 12.36285]
						}
					}
				}
			}
		},
		"animation.flamethrower.idle": {
			"animation_length": 1,
			"bones": {
				"flamethrower": {
					"rotation": {
						"0.0": {
							"vector": [0, 0, 0]
						},
						"0.5": {
							"vector": [0, 2, 0]
						},
						"1.0": {
							"vector": [0, 0, 0]
						}
					},
					"position": {
						"0.0": {
							"vector": [0, 0, 0]
						},
						"0.5": {
							"vector": [0, -0.075, 0]
						},
						"1.0": {
							"vector": [0, 0, 0]
						}
					}
				},
				"armtoreplace": {
					"rotation": {
						"0.0": {
							"vector": [-269.01008, -29.79909, 184.36867]
						},
						"0.5": {
							"vector": [-274.76008, -29.79909, 184.36867]
						},
						"1.0": {
							"vector": [-269.01008, -29.79909, 184.36867]
						}
					},
					"position": {
						"0.0": {
							"vector": [6.73156, -1.9222, 11.89014]
						},
						"0.5": {
							"vector": [6.77351, -1.14983, 11.86043]
						},
						"1.0": {
							"vector": [6.73156, -1.9222, 11.89014]
						}
					}
				}
			}
		}
	},
	"geckolib_format_version": 2
}