{
	"format_version": "1.8.0",
	"animations": {
		"animation.stickbug.idle": {
			"animation_length": 1,
			"bones": {
				"bone": {
					"rotation": {
						"0.0": {
							"vector": [2, 0, 0]
						},
						"0.5": {
							"vector": [-2, 0, 0]
						},
						"1.0": {
							"vector": [2, 0, 0]
						}
					},
					"position": {
						"0.0": {
							"vector": [0, 0, 0]
						},
						"0.25": {
							"vector": [-1.2, 0.28, 1.08]
						},
						"0.5": {
							"vector": [0, 0.55871, 2.16892]
						},
						"0.75": {
							"vector": [1.375, 0.28, 1.08]
						},
						"1.0": {
							"vector": [0, 0, 0]
						}
					}
				},
				"bone3": {
					"rotation": {
						"0.0": {
							"vector": [0, 0, 0]
						},
						"0.25": {
							"vector": [-64.10341, -10.29071, -10.30882]
						},
						"0.375": {
							"vector": [-68.8017, -5.14535, -5.15441]
						},
						"0.5": {
							"vector": [-79, 0, 0]
						},
						"0.75": {
							"vector": [-13.47636, 17.54649, 12.97682]
						},
						"1.0": {
							"vector": [0, 0, 0]
						}
					}
				},
				"bone4": {
					"rotation": {
						"0.0": {
							"vector": [0, 0, 0]
						},
						"0.25": {
							"vector": [39.53904, -9.7122, 7.66355]
						},
						"0.5": {
							"vector": [53.5, 0, 0]
						},
						"0.75": {
							"vector": [11.5154, 5.25905, -10.5222]
						},
						"1.0": {
							"vector": [0, 0, 0]
						}
					},
					"position": {
						"vector": [0, 0, 0]
					}
				},
				"bone5": {
					"rotation": {
						"0.0": {
							"vector": [0, 0, 0]
						},
						"0.25": {
							"vector": [-31.52347, -18.54772, -22.1408]
						},
						"0.4167": {
							"vector": [-63.29949, -9.10836, -4.63855]
						},
						"0.5": {
							"vector": [-79, 0, 0]
						},
						"0.7917": {
							"vector": [-44.02636, 21.44652, 0.82544]
						},
						"1.0": {
							"vector": [0, 0, 0]
						}
					}
				},
				"bone6": {
					"rotation": {
						"0.0": {
							"vector": [0, 0, 0]
						},
						"0.25": {
							"vector": [26.75, 0, 18.5]
						},
						"0.5": {
							"vector": [53.5, 0, 0]
						},
						"0.7917": {
							"vector": [22.29577, -0.05214, -8.99985]
						},
						"1.0": {
							"vector": [0, 0, 0]
						}
					}
				},
				"bone2": {
					"rotation": {
						"0.0": {
							"vector": [-5.6179, -0.07428, -0.75791]
						},
						"0.25": {
							"vector": [-15.06609, -7.94103, -25.62753]
						},
						"0.5": {
							"vector": [-29.9941, -0.62496, -1.08257]
						},
						"0.75": {
							"vector": [-17.37828, -0.6007, 21.36776]
						},
						"1.0": {
							"vector": [-5.6179, -0.07428, -0.75791]
						}
					}
				},
				"bone7": {
					"rotation": {
						"0.0": {
							"vector": [0, 0, 0]
						},
						"0.25": {
							"vector": [6.03157, -1.64091, 15.16354]
						},
						"0.5": {
							"vector": [10.99173, -0.42921, 2.2087]
						},
						"0.75": {
							"vector": [5.42104, 0.93003, -9.70597]
						},
						"1.0": {
							"vector": [0, 0, 0]
						}
					}
				},
				"bone8": {
					"rotation": {
						"0.0": {
							"vector": [-5.75, 0, 0]
						},
						"0.25": {
							"vector": [-23.45253, -9.27167, -18.27711]
						},
						"0.5": {
							"vector": [-30, 0, 0]
						},
						"0.75": {
							"vector": [-16.13251, 7.80238, 25.14257]
						},
						"1.0": {
							"vector": [-5.75, 0, 0]
						}
					}
				},
				"bone9": {
					"rotation": {
						"0.0": {
							"vector": [0, 0, 0]
						},
						"0.25": {
							"vector": [6.20702, -0.73317, 6.71025]
						},
						"0.5": {
							"vector": [12.5, 0, 0]
						},
						"0.75": {
							"vector": [6.06575, 1.50919, -13.92003]
						},
						"1.0": {
							"vector": [0, 0, 0]
						}
					}
				}
			}
		}
	},
	"geckolib_format_version": 2
}