{
	"format_version": "1.8.0",
	"animations": {
		"animation.tinytormentor.idle": {
			"animation_length": 12.7389,
			"bones": {
				"tormentortiny": {
					"rotation": {
						"0.0": {
							"vector": [0, 0, 0]
						},
						"6.3429": {
							"vector": [2.25, 0, 0]
						},
						"12.7389": {
							"vector": [0, 0, 0]
						}
					},
					"position": {
						"vector": [0, -9, 10]
					}
				},
				"lcentileg2": {
					"rotation": {
						"0.0": {
							"vector": [-15.27901, 1.79308, 11.83745]
						},
						"3.052": {
							"vector": [-26.73819, 0.93746, 6.18887]
						},
						"6.3694": {
							"vector": [2.76769, -5.96425, 9.75874]
						},
						"9.6603": {
							"vector": [-28.86325, 0.9228, 6.09207]
						},
						"12.7389": {
							"vector": [-15.27901, 1.79308, 11.83745]
						}
					}
				},
				"bone34": {
					"rotation": {
						"0.0": {
							"vector": [0, 0, 17.5]
						},
						"2.8397": {
							"vector": [0, 0, 9.73]
						},
						"3.7155": {
							"vector": [0, 0, 27.08]
						},
						"5.8386": {
							"vector": [0, 0, 18.88]
						},
						"6.396": {
							"vector": [0, 0, 0]
						},
						"7.0329": {
							"vector": [0, 0, -7.24]
						},
						"9.3418": {
							"vector": [0, 0, 14.52]
						},
						"11.8631": {
							"vector": [-9, 0, 16.73172]
						},
						"12.7389": {
							"vector": [0, 0, 17.5]
						}
					}
				},
				"lcentileg4": {
					"rotation": {
						"0.0": {
							"vector": [-13, 0, 18.5]
						},
						"2.7335": {
							"vector": [-28.23534, -1.03001, 19.43349]
						},
						"6.449": {
							"vector": [0, 0, 0]
						},
						"9.3418": {
							"vector": [-26.2289, 0, 8.50844]
						},
						"12.7389": {
							"vector": [-13, 0, 18.5]
						}
					}
				},
				"bone21": {
					"rotation": {
						"0.0": {
							"vector": [-3.83083, 1.10467, 11.20665]
						},
						"3.5032": {
							"vector": [-0.41047, 1.37343, 19.2175]
						},
						"5.6263": {
							"vector": [-6.25732, 0.64266, 5.44185]
						},
						"6.0244": {
							"vector": [-2.41373, 1.26353, 14.53472]
						},
						"6.9268": {
							"vector": [-11.69131, -1.31702, -8.0429]
						},
						"9.7399": {
							"vector": [-6.25732, 0.64266, 5.44185]
						},
						"12.1019": {
							"vector": [-1.595, 1.32967, 16.45146]
						},
						"12.7389": {
							"vector": [-3.83083, 1.10467, 11.20665]
						}
					}
				},
				"lcentileg6": {
					"rotation": {
						"0.0": {
							"vector": [0, 0, 0]
						},
						"2.9989": {
							"vector": [-36.00964, -3.13919, 22.28616]
						},
						"6.3429": {
							"vector": [-29.54193, -6.10842, 18.63314]
						},
						"9.5541": {
							"vector": [-37.95967, -3.04154, 9.27791]
						},
						"12.7389": {
							"vector": [0, 0, 0]
						}
					}
				},
				"bone12": {
					"rotation": {
						"0.0": {
							"vector": [0, 0, -8.75]
						},
						"2.8928": {
							"vector": [0, 0, -32.75]
						},
						"3.6359": {
							"vector": [0, 0, 12]
						},
						"6.2898": {
							"vector": [0, 0, 4.25]
						},
						"9.0499": {
							"vector": [-1.66004, -32.91742, -8.40903]
						},
						"12.7389": {
							"vector": [0, 0, -8.75]
						}
					}
				},
				"rcentileg1": {
					"rotation": {
						"0.0": {
							"vector": [24.91128, -8.02809, -38.62575]
						},
						"3.4766": {
							"vector": [2.50782, 14.06098, -14.55568]
						},
						"5.1752": {
							"vector": [-25.38654, 18.32246, -9.48741]
						},
						"6.2102": {
							"vector": [-5.88826, 14.7823, -11.62647]
						},
						"7.6433": {
							"vector": [-10.68796, 10.0093, -2.06165]
						},
						"9.448": {
							"vector": [-3.58885, 22.00207, -23.54125]
						},
						"12.7389": {
							"vector": [24.91128, -8.02809, -38.62575]
						}
					}
				},
				"bone15": {
					"rotation": {
						"0.0": {
							"vector": [0, 0, 38.25]
						},
						"2.8662": {
							"vector": [-18.75, 0, -1]
						},
						"4.3524": {
							"vector": [-18.75, 0, -1]
						},
						"7.9352": {
							"vector": [-17.58382, 6.61479, 18.97582]
						},
						"10.6953": {
							"vector": [-18.49773, 3.12047, 8.24174]
						},
						"11.6773": {
							"vector": [-16.34286, 9.3191, 27.90894]
						},
						"12.7389": {
							"vector": [0, 0, 38.25]
						}
					}
				},
				"rcentileg3": {
					"rotation": {
						"0.0": {
							"vector": [-23.79, 1.69, -13.02]
						},
						"2.0701": {
							"vector": [0, 0, 0]
						},
						"5.069": {
							"vector": [-17.30667, 3.64889, -21.13434]
						},
						"8.3864": {
							"vector": [-52.44559, -0.57009, -18.52704]
						},
						"11.518": {
							"vector": [-37.82224, 2.68227, -20.69134]
						},
						"12.7389": {
							"vector": [-23.79, 1.69, -13.02]
						}
					}
				},
				"bone29": {
					"rotation": {
						"0.0": {
							"vector": [0, 0, 0]
						},
						"1.5393": {
							"vector": [-35, 0, 0]
						},
						"4.6975": {
							"vector": [-25, 0, 0]
						},
						"5.8917": {
							"vector": [20.12353, -7.24305, -1.95155]
						},
						"10.5892": {
							"vector": [-0.82795, -7.19688, 5.60834]
						},
						"11.9692": {
							"vector": [-18.32795, -7.19688, 5.60834]
						},
						"12.7389": {
							"vector": [0, 0, 0]
						}
					}
				},
				"rcentileg5": {
					"rotation": {
						"0.0": {
							"vector": [0, 0, 0]
						},
						"3.1582": {
							"vector": [-13.2219, 4.04635, -15.92834]
						},
						"6.396": {
							"vector": [-21.69812, 2.90595, -15.61535]
						},
						"9.2887": {
							"vector": [-0.10943, 5.71592, -23.44495]
						},
						"12.7389": {
							"vector": [0, 0, 0]
						}
					}
				},
				"bone16": {
					"rotation": {
						"0.0": {
							"vector": [4.75496, 3.6484, -7.68239]
						},
						"4.1932": {
							"vector": [-9.99504, 3.6484, -7.68239]
						},
						"6.6348": {
							"vector": [-27.99504, 3.6484, -7.68239]
						},
						"8.758": {
							"vector": [-6.45442, 7.87068, 21.92623]
						},
						"11.2792": {
							"vector": [-14.24382, 5.26162, 6.82071]
						},
						"12.7389": {
							"vector": [4.75496, 3.6484, -7.68239]
						}
					}
				},
				"rcentileg7": {
					"rotation": {
						"0.0": {
							"vector": [-9.75, 0, -17]
						},
						"3.052": {
							"vector": [-2.62922, 3.14317, -6.51384]
						},
						"6.3429": {
							"vector": [-19.49248, 6.53233, -13.53746]
						},
						"9.7134": {
							"vector": [-20.83942, 9.19695, -17.27863]
						},
						"12.7389": {
							"vector": [-9.75, 0, -17]
						}
					}
				},
				"bone27": {
					"rotation": {
						"0.0": {
							"vector": [0, 0, 8.25]
						},
						"3.0786": {
							"vector": [3.28679, 2.15099, -11.02527]
						},
						"5.0955": {
							"vector": [6.27298, 1.70629, 6.09351]
						},
						"5.6794": {
							"vector": [5.94184, 2.15232, 1.37401]
						},
						"6.6614": {
							"vector": [5.49356, 3.12602, -8.3377]
						},
						"10.3503": {
							"vector": [6.25419, 0.89978, 13.06145]
						},
						"12.7389": {
							"vector": [0, 0, 8.25]
						}
					}
				},
				"rcentileg4": {
					"rotation": {
						"0.0": {
							"vector": [-42.53317, 1.09307, -8.77573]
						},
						"3.1051": {
							"vector": [-31.60317, -0.64069, -0.3093]
						},
						"6.4225": {
							"vector": [0, 0, 0]
						},
						"9.3949": {
							"vector": [-49.79884, 0.00108, -14.97612]
						},
						"12.7389": {
							"vector": [-42.53317, 1.09307, -8.77573]
						}
					}
				},
				"bone28": {
					"rotation": {
						"0.0": {
							"vector": [17.00593, 7.89309, -5.94496]
						},
						"5.2548": {
							"vector": [-14.99407, 7.89309, -5.94496]
						},
						"7.1125": {
							"vector": [-0.92811, 12.7601, 15.09157]
						},
						"9.7399": {
							"vector": [18.32189, 12.7601, 15.09157]
						},
						"11.2261": {
							"vector": [12.60713, 18.42554, -5.92165]
						},
						"12.7389": {
							"vector": [17.00593, 7.89309, -5.94496]
						}
					}
				},