{
	"format_version": "1.8.0",
	"animations": {
		"animation.venus_flytrap.idle": {
			"loop": true
		},
		"animation.venus_flytrap.attack": {
			"animation_length": 1.75,
			"bones": {
				"plant2": {
					"rotation": {
						"0.0": {
							"vector": [0, 0, 0]
						},
						"0.5417": {
							"vector": [-3.5, 0, -19.75]
						},
						"0.6667": {
							"vector": [11.05617, 2.5063, 25.94653]
						},
						"0.7917": {
							"vector": [6.75991, 0.53346, 52.5686]
						},
						"0.9167": {
							"vector": [6.77176, -0.35137, 60.0163]
						},
						"1.5833": {
							"vector": [2.71, -0.14, 24.01]
						},
						"1.75": {
							"vector": [0, 0, 0]
						}
					}
				},
				"bone": {
					"rotation": {
						"0.0": {
							"vector": [0, 0, 0]
						},
						"0.2083": {
							"vector": [0, 0, -9.5]
						},
						"0.375": {
							"vector": [0, 0, 0]
						},
						"0.5833": {
							"vector": [0, 0, -61.25]
						},
						"0.75": {
							"vector": [-0.78153, 0.47918, -169.99654]
						},
						"0.8333": {
							"vector": [1.50862, 2.29952, -112.21972]
						},
						"0.9167": {
							"vector": [2.74958, -0.04798, -54.50115]
						},
						"1.0417": {
							"vector": [2.388, -1.3642, -25.77843]
						},
						"1.125": {
							"vector": [1.1738, -2.48708, 9.22452]
						},
						"1.5833": {
							"vector": [0.63, -1.33, 4.92]
						},
						"1.75": {
							"vector": [0, 0, 0]
						}
					}
				},
				"bone2": {
					"rotation": {
						"0.0": {
							"vector": [0, 0, 0]
						},
						"0.2083": {
							"vector": [0, 0, 15.5]
						},
						"0.5417": {
							"vector": [0, 0, 0]
						},
						"0.7083": {
							"vector": [-5.75, 0, -10.7]
						},
						"0.875": {
							"vector": [3.30808, -0.85499, -1.57469]
						},
						"1.0": {
							"vector": [0, 0, -26.75]
						},
						"1.1667": {
							"vector": [0, 0, -50.5]
						},
						"1.5833": {
							"vector": [0, 0, -28.86]
						},
						"1.75": {
							"vector": [0, 0, 0]
						}
					}
				},
				"bone3": {
					"rotation": {
						"0.0": {
							"vector": [0, 0, 0]
						},
						"0.5417": {
							"vector": [0, 0, 35]
						},
						"0.625": {
							"vector": [-10.25, 0, 0]
						},
						"0.9583": {
							"vector": [-9.59792, -3.61454, -20.44644]
						},
						"1.5833": {
							"vector": [-4.04, -1.52, -8.61]
						},
						"1.75": {
							"vector": [0, 0, 0]
						}
					}
				}
			}
		}
	},
	"geckolib_format_version": 2
}